Flow idx, Flow, jumps_raw min, jumps_raw 25, jumps_raw 50, jumps_raw 75, jumps_raw max, jumps_raw std, jumps min, jumps 25, jumps 50, jumps 75, jumps max, jumps std,,,,75.0,9.1
0,   B0,0,0,0,0,0,0,0,0,0,0,0,0,,,,,
1,  JB0,-2029,393,433,474,1878,62.91,-2533,23,57,93,1561,54.47,,,,,
2,  JO0,-2557,38,51,63,2052,19.3,-2625,5,16,27,1989,16.89,,,,,
3,  JB0,-2583,-29,-20,-11,610,13.31,-2557,-1,7,16,625,12.5,,,,,
4,  JO0,-1505,10,20,30,742,15.41,-1512,1,11,20,708,14.07,,,,,
5,  JB0,-479,-38,-30,-22,1016,12.37,-446,-3,5,12,1043,11.52,,,,,
6,  JO0,-2680,0,9,18,676,14.04,-2702,0,9,17,695,13.01,,,,,
7,  JB0,-1057,-39,-31,-23,837,12.47,-1029,-3,4,11,869,11.07,,,,,
8,  JO0,-1182,9,18,28,677,14.34,-1192,2,10,19,660,12.97,,,,,
9,  JB0,-1959,-44,-36,-28,710,12.45,-1923,-6,1,8,757,10.72,,,,,
10,  JO0,-2211,-6,3,11,988,12.7,-2212,-2,6,13,990,11.59,,,,,
11,  JB0,-1973,-44,-36,-29,1301,11.58,-1934,-5,2,8,1345,10.55,,,,,
12,  JO0,-795,1,9,17,601,12.46,-801,-2,6,13,600,11.43,,,,,
13,  JB0,-2196,-40,-32,-25,493,11.19,-2157,-5,2,8,529,10.36,,,,,
14,  JO0,-812,6,14,22,1180,12.48,-818,-1,7,14,1167,11.42,,,,,
15,  JB0,-2655,-37,-30,-23,985,11.31,-2620,-5,2,9,1025,10.41,,,,,
16,  JO0,-2450,1,9,17,2112,12.09,-2459,-2,6,13,2112,11.09,,,,,
17,   X0,-1674,-22,-15,-8,637,11,-1660,-5,2,9,653,10.34,,,,,
18,   Z0,0,0,0,0,0,0,0,0,0,0,0,0,,,,,
19,   J0,-1019,30,38,46,735,12.02,-1056,-1,6,13,698,10.86,,,,,
20,  JB0,-2440,-12,-6,1,562,10.46,-2451,-5,2,8,570,9.72,,,,,
21,  JO0,-1169,14,22,29,1597,11.85,-1191,-1,6,12,1583,10.66,,,,,
22,   B0,-829,-26,-19,-12,538,10.5,-806,-7,-1,5,560,9.73,,,,,
23,   O0,-976,4,11,19,472,11.32,-978,-3,4,11,449,10.26,,,,,
24,   C1,-902,-115,-78,-38,933,46.5,-905,-118,-81,-41,926,46.19,,,,,
25,   O0,-947,63,114,158,504,55.59,-966,53,103,148,501,55.38,,,,,
26,   G1,-991,-78,-58,-37,829,27.42,-965,-66,-45,-24,838,27,,,,,
27,   O0,-863,51,87,119,815,41.19,-873,40,76,108,813,40.72,,,,,
28,   A1,-976,-84,-62,-38,700,29.7,-962,-72,-50,-27,714,29.36,,,,,
29,   O0,-967,48,84,114,733,40.12,-971,39,74,105,722,39.78,,,,,
30,   T1,-878,-150,-109,-63,514,52.06,-870,-136,-96,-49,537,51.94,,,,,
31,   O0,-686,63,121,171,1000,63.53,-692,62,119,169,1004,63.34,,,,,
32,   C1,-942,-160,-115,-66,561,57.12,-932,-148,-103,-53,568,57.06,,,,,
33,   O0,-953,62,121,172,750,64.5,-965,62,121,172,744,64.31,,,,,
34,   B0,-986,-25,-18,-11,395,10.69,-969,-4,2,9,416,9.8,,,,,
35,   O0,-986,-6,1,7,955,10.75,-984,-4,2,9,956,9.92,,,,,
36,   X0,-996,-17,-10,-3,327,10.44,-986,-7,0,6,332,9.67,,,,,
37,   Z0,0,0,0,0,0,0,0,0,0,0,0,0,,,,,
38,   J0,-763,30,38,45,561,11.16,-795,-2,4,11,526,10.07,,,,,
39,  JB0,-2556,-12,-5,1,454,10.17,-2547,-6,0,6,461,9.38,,,,,
40,  JO0,-812,12,20,27,1123,11.03,-831,-3,4,10,1098,9.95,,,,,
41,   B0,-591,-22,-15,-9,491,10.19,-577,-6,0,6,506,9.32,,,,,
42,   O0,-909,8,15,22,453,10.84,-923,-3,4,10,438,9.85,,,,,
43,   A0,-853,-21,-14,-7,712,11.42,-837,-9,-2,4,722,10.38,,,,,
44,   O0,-925,10,17,24,886,11.63,-940,-2,5,11,877,10.7,,,,,
45,   T1,-988,-172,-122,-67,723,81.38,-975,-164,-113,-59,723,81.38,,,,,
46,   O0,-975,82,154,215,1000,99,-983,76,147,209,995,98.94,,,,,
47,   G0,-923,-77,-28,-12,468,67.19,-910,-63,-13,2,485,67,,,,,
48,   O0,-877,1,17,70,899,70.62,-876,0,15,68,899,70.5,,,,,
49,   T0,-975,-19,-7,1,599,47.72,-972,-13,-2,6,606,47.53,,,,,
50,   O0,-894,4,13,25,961,51.78,-897,0,8,19,952,51.56,,,,,
51,   A0,-1000,-105,-46,-23,752,83.31,-986,-87,-28,-6,772,83.12,,,,,
52,   O0,-854,17,41,104,966,84.75,-872,8,32,95,962,84.62,,,,,
53,   G0,-942,-29,-13,-3,799,50.84,-929,-18,-3,6,805,50.66,,,,,
54,   O0,-865,-1,9,25,953,50.06,-870,-2,7,22,949,49.84,,,,,
55,   T0,-1000,-56,-23,-12,421,67.94,-990,-45,-12,-2,437,67.81,,,,,
56,   O0,-488,-1,10,45,998,68.44,-479,2,12,47,1008,68.31,,,,,
57,   C0,-997,-154,-88,-35,387,82.06,-987,-148,-82,-29,389,81.88,,,,,
58,   O0,-779,40,100,173,999,87.38,-775,36,95,169,998,87.31,,,,,
59,   G0,-923,-79,-30,-13,653,68.31,-912,-66,-17,-2,661,68.12,,,,,
60,   O0,-826,3,19,68,867,65.19,-821,4,19,68,867,65.06,,,,,
61,   A0,-963,-105,-48,-21,879,79.69,-945,-90,-33,-7,892,79.56,,,,,
62,   O0,-890,17,43,99,981,76.25,-895,10,35,92,973,76.12,,,,,
63,   G0,-940,-24,-10,0,379,46.62,-936,-16,-2,7,388,46.44,,,,,
64,   O0,-668,-4,5,20,899,47.28,-665,-2,6,20,894,47.06,,,,,
65,   C0,-949,-90,-35,-18,450,67.81,-932,-77,-21,-6,458,67.62,,,,,
66,   O0,-921,2,19,78,975,71,-921,5,21,81,981,70.88,,,,,
67,   A0,-914,-32,-17,-8,955,48.81,-902,-21,-6,2,969,48.59,,,,,
68,   O0,-984,-2,7,23,965,51.81,-983,-1,7,23,964,51.66,,,,,
69,   T0,-998,-157,-87,-36,371,89.31,-991,-148,-78,-27,379,89.25,,,,,
70,   O0,-584,35,91,167,998,94.44,-588,31,88,163,996,94.38,,,,,
71,   C0,-990,-59,-24,-12,474,57.47,-982,-46,-11,0,482,57.34,,,,,
72,   O0,-637,9,22,60,967,62.91,-642,4,16,55,966,62.78,,,,,
73,   A0,-989,-55,-27,-15,787,58.94,-976,-41,-12,-2,804,58.75,,,,,
74,   O0,-986,-2,10,41,970,61.12,-992,1,12,43,977,60.88,,,,,
75,   B0,-497,-22,-15,-8,600,10.99,-484,-5,1,7,617,10.15,,,,,
76,   O0,-811,-1,5,12,368,10.44,-816,-4,2,8,358,9.52,,,,,
77,   T0,-970,-45,-24,-13,574,56.97,-959,-34,-15,-5,600,56.78,,,,,
78,   O0,-873,9,20,42,973,62.31,-880,6,16,38,969,62.19,,,,,
79,   C0,-957,-35,-19,-10,836,48,-954,-25,-10,-2,843,47.81,,,,,
80,   O0,-711,0,9,26,962,52.75,-705,2,11,27,967,52.59,,,,,
81,   T0,-1000,-21,-12,-5,562,31.06,-982,-10,-3,4,579,30.48,,,,,
82,   O0,-800,-3,5,14,961,33.91,-802,-1,6,14,970,33.31,,,,,
83,   G0,-932,-140,-89,-44,439,73.56,-927,-131,-80,-35,446,73.44,,,,,
84,   O0,-984,37,84,135,918,74.81,-984,37,84,135,921,74.75,,,,,
85,   A0,-963,-71,-27,-12,579,67.25,-950,-59,-15,0,587,67.12,,,,,
86,   O0,-976,8,23,70,901,69.44,-979,6,20,67,898,69.38,,,,,
87,   C0,-926,-110,-48,-22,749,68.62,-913,-97,-35,-8,765,68.5,,,,,
88,   O0,-500,22,51,122,973,76,-512,13,42,113,964,75.88,,,,,
89,   G0,-832,-57,-28,-16,294,52.84,-817,-42,-13,-2,298,52.66,,,,,
90,   O0,-659,2,14,45,792,54.72,-660,1,13,45,796,54.59,,,,,
91,   C0,-840,-26,-15,-7,360,36.75,-835,-15,-5,3,373,36.53,,,,,
92,   O0,-784,0,8,19,893,41.09,-791,-2,6,16,891,40.91,,,,,
93,   A0,-910,-64,-34,-22,520,58,-894,-46,-15,-4,536,57.84,,,,,
94,   O0,-481,7,19,52,890,58.91,-490,3,15,48,886,58.78,,,,,
95,   G0,-820,-28,-16,-7,419,39.34,-805,-15,-4,4,425,39.12,,,,,
96,   O0,-547,3,11,23,786,41.03,-553,-1,6,18,785,40.81,,,,,
97,   T0,-999,-161,-99,-47,490,85.56,-986,-150,-87,-35,497,85.5,,,,,
98,   O0,-654,40,98,166,999,91.75,-654,40,98,166,1003,91.62,,,,,
99,   A0,-851,-44,-16,-5,450,58.22,-845,-36,-9,2,456,58.06,,,,,
100,   O0,-502,5,16,45,850,59.56,-508,2,12,41,848,59.44,,,,,
101,   C0,-988,-104,-43,-17,521,67.25,-977,-95,-34,-8,527,67.19,,,,,
102,   O0,-568,18,45,113,945,72.31,-577,12,39,106,945,72.25,,,,,
103,   G0,-994,-107,-53,-26,582,64.62,-974,-92,-38,-12,592,64.5,,,,,
104,   O0,-957,17,45,101,793,65.19,-976,13,40,96,789,65.12,,,,,
105,   T0,-912,-90,-35,-16,588,70,-908,-80,-25,-6,602,69.88,,,,,
106,   O0,-956,14,34,95,904,75.06,-962,10,30,91,908,75,,,,,
107,   G0,-817,-31,-17,-8,439,39.69,-807,-20,-7,1,454,39.47,,,,,
108,   O0,-899,4,14,27,712,40.72,-898,0,9,22,714,40.31,,,,,
109,   C0,-947,-90,-39,-19,646,60.69,-929,-78,-27,-8,661,60.59,,,,,
110,   O0,-467,14,35,92,927,66.19,-468,10,31,88,924,66.06,,,,,
111,   B0,-511,-25,-18,-12,372,10.25,-492,-6,0,6,386,9.34,,,,,
112,   O0,-986,0,7,14,286,10.25,-994,-5,1,7,284,9.3,,,,,
113,   B0,-998,-29,-23,-16,505,10.06,-978,-8,-2,3,527,9.16,,,,,
114,   O0,-463,1,7,14,527,10.19,-467,-5,1,7,521,9.29,,,,,
115,   A0,-901,-117,-66,-34,780,71.12,-890,-102,-51,-19,794,71.06,,,,,
116,   O0,-994,25,58,110,850,71.56,-1003,18,52,104,845,71.5,,,,,
117,   T0,-892,-81,-30,-10,443,66.62,-885,-76,-24,-5,451,66.56,,,,,
118,   O0,-825,14,35,94,901,72.75,-829,10,31,90,904,72.69,,,,,
119,   G0,-796,-96,-47,-22,788,60.06,-782,-84,-34,-10,805,59.94,,,,,
120,   O0,-978,17,42,95,782,61.66,-992,11,36,89,774,61.56,,,,,
121,   A0,-894,-53,-27,-15,580,52.62,-877,-37,-11,0,601,52.47,,,,,
122,   O0,-437,11,23,50,804,54.62,-441,3,14,41,793,54.47,,,,,
123,   T0,-837,-49,-21,-9,418,54.16,-829,-42,-13,-2,426,54.03,,,,,
124,   O0,-825,1,13,45,828,59.31,-820,3,15,47,830,59.19,,,,,
125,   C0,-853,-142,-85,-41,323,68.38,-846,-128,-70,-27,328,68.25,,,,,
126,   O0,-758,40,88,152,951,74.88,-771,31,79,143,951,74.81,,,,,
127,   T0,-907,-29,-11,-2,550,47.88,-896,-24,-7,2,551,47.72,,,,,
128,   O0,-698,1,11,30,872,52.94,-704,0,9,28,874,52.78,,,,,
129,   C0,-841,-22,-14,-7,414,25.41,-828,-11,-3,4,429,25.08,,,,,
130,   O0,-873,-7,1,9,882,27.84,-871,-4,3,10,886,27.52,,,,,
131,   A0,-835,-73,-36,-21,681,55.84,-832,-59,-23,-8,693,55.66,,,,,
132,   O0,-664,7,23,63,755,57.53,-666,7,22,62,753,57.41,,,,,
133,   G0,-962,-109,-59,-25,414,62.5,-954,-102,-52,-18,416,62.38,,,,,
134,   O0,-880,33,70,123,769,64.81,-889,23,60,113,766,64.69,,,,,
135,   T0,-988,-65,-23,-7,343,60.53,-980,-61,-18,-3,349,60.44,,,,,
136,   O0,-910,11,28,76,829,66.38,-914,8,24,73,826,66.25,,,,,
137,   C0,-928,-105,-50,-23,437,60.97,-913,-95,-40,-13,459,60.88,,,,,
138,   O0,-408,17,48,109,829,67.31,-407,16,46,108,835,67.25,,,,,
139,   A0,-922,-90,-45,-24,379,61.44,-902,-76,-31,-10,397,61.31,,,,,
140,   O0,-758,14,36,84,754,63.44,-763,11,33,81,747,63.31,,,,,
141,   G0,-944,-79,-35,-15,502,54.25,-938,-71,-27,-7,517,54.09,,,,,
142,   O0,-891,18,39,86,728,56.25,-897,10,31,79,726,56.16,,,,,
143,   C0,-914,-64,-27,-12,316,51.12,-910,-56,-19,-5,322,51,,,,,
144,   O0,-811,8,24,67,780,57.16,-812,7,22,65,781,57.06,,,,,
145,   A0,-982,-52,-29,-18,450,47.44,-962,-37,-14,-4,459,47.25,,,,,
146,   O0,-432,4,15,40,770,49.03,-425,3,13,38,774,48.91,,,,,
147,   B0,-791,-23,-17,-10,249,10.59,-767,-6,0,6,265,9.77,,,,,
148,   O0,-827,3,9,16,279,10.2,-836,-3,3,9,267,9.34,,,,,
149,   G0,-791,-38,-20,-10,715,39.69,-781,-27,-10,-1,729,39.5,,,,,
150,   O0,-942,8,18,37,684,41.78,-943,1,11,29,678,41.59,,,,,
151,   C0,-940,-29,-15,-6,383,37.22,-925,-21,-8,1,387,37,,,,,
152,   O0,-403,3,12,27,741,41.88,-400,0,9,23,745,41.69,,,,,
153,   T0,-939,-151,-94,-48,439,74.38,-923,-138,-81,-35,446,74.25,,,,,
154,   O0,-605,46,98,160,847,80.44,-614,38,90,152,842,80.38,,,,,
155,   A0,-818,-60,-29,-16,337,52.75,-805,-46,-15,-3,348,52.62,,,,,
156,   O0,-669,2,15,49,755,54.81,-667,4,17,50,755,54.69,,,,,
157,   T0,-713,-26,-14,-5,556,38.34,-696,-18,-6,2,559,38.16,,,,,
158,   O0,-736,12,21,35,744,42.59,-757,1,9,22,727,42.41,,,,,
159,   G0,-888,-96,-50,-28,452,55.44,-868,-81,-35,-12,464,55.31,,,,,
160,   O0,-957,15,38,86,662,56.78,-955,11,34,82,662,56.69,,,,,
161,   T0,-900,-21,-9,-1,561,38.03,-888,-17,-6,2,561,37.84,,,,,
162,   O0,-590,-2,7,20,808,42.5,-583,0,8,20,807,42.31,,,,,
163,   C0,-937,-128,-74,-38,444,61.66,-917,-113,-59,-23,459,61.56,,,,,
164,   O0,-661,30,69,128,817,67,-670,25,64,123,811,67,,,,,
165,   A0,-938,-89,-48,-28,572,57.16,-905,-72,-30,-10,586,57.03,,,,,
166,   O0,-985,16,37,80,802,58.47,-987,10,31,75,796,58.41,,,,,
167,   G0,-840,-76,-35,-16,523,51.44,-830,-66,-25,-7,530,51.31,,,,,
168,   O0,-962,16,35,79,689,53.12,-972,9,28,73,686,53.03,,,,,
169,   T0,-789,-94,-43,-20,316,61.72,-782,-87,-36,-13,313,61.59,,,,,
170,   O0,-408,26,52,109,807,67.88,-419,18,44,102,801,67.81,,,,,
171,   G0,-887,-41,-26,-16,359,36.28,-873,-25,-10,-1,370,36.03,,,,,
172,   O0,-981,2,12,27,704,37.53,-984,0,9,24,699,37.31,,,,,
173,   C0,-931,-109,-58,-28,619,57.91,-924,-99,-48,-19,628,57.78,,,,,
174,   O0,-973,23,56,113,802,63.84,-977,20,53,111,802,63.81,,,,,
175,   A0,-775,-87,-45,-23,478,57.09,-751,-75,-34,-12,493,56.97,,,,,
176,   O0,-807,24,48,93,695,59.56,-815,15,38,83,683,59.44,,,,,
177,   T0,-916,-80,-36,-17,258,57.12,-913,-72,-27,-9,263,57.03,,,,,
178,   O0,-852,19,40,91,787,63.03,-866,13,33,84,779,62.94,,,,,
179,   G0,-899,-92,-50,-27,511,51.72,-892,-78,-36,-13,529,51.59,,,,,
180,   O0,-820,24,48,94,687,54.31,-838,16,40,86,683,54.22,,,,,
181,   C0,-772,-95,-47,-22,465,54.38,-763,-87,-39,-14,472,54.25,,,,,
182,   O0,-702,22,50,103,792,59.78,-709,17,45,98,788,59.69,,,,,
183,   B0,-513,-26,-19,-13,318,10.06,-489,-7,-1,5,338,9.12,,,,,
184,   O0,-806,4,10,17,395,10.06,-823,-5,1,7,379,9.19,,,,,
185,   X0,-743,-19,-13,-7,412,9.9,-736,-8,-2,4,427,9.05,,,,,
186,   Z0,0,0,0,0,0,0,0,0,0,0,0,0,,,,,
187,   J0,-1932,22,28,35,334,10.28,-1953,-3,3,9,307,9.24,,,,,
188,  JB0,-470,-8,-2,4,515,9.68,-467,-5,0,6,517,8.85,,,,,
189,  JO0,-1007,17,23,30,336,10.41,-1044,-3,3,9,312,9.34,,,,,
190,   B0,-867,-19,-12,-6,322,9.73,-855,-7,-2,4,336,8.85,,,,,
191,   O0,-799,4,11,17,393,10.05,-806,-4,2,7,389,9.13,,,,,
192,   A0,-895,-68,-31,-13,606,51.72,-884,-65,-29,-11,606,51.56,,,,,
193,   O0,-634,25,44,83,653,53.41,-648,12,31,70,642,53.28,,,,,
194,   G0,-565,-51,-24,-11,525,41.09,-555,-43,-16,-3,528,40.94,,,,,
195,   O0,-644,13,26,55,618,42.94,-646,6,18,48,612,42.78,,,,,
196,   T0,-714,-106,-55,-26,514,61.22,-711,-99,-47,-19,513,61.12,,,,,
197,   O0,-612,31,62,119,722,66.5,-621,23,54,111,711,66.38,,,,,
198,   G0,-546,-39,-22,-12,600,35.91,-536,-26,-10,-1,613,35.72,,,,,
199,   O0,-797,7,17,34,898,37.19,-803,1,10,28,893,36.97,,,,,
200,   A0,-999,-60,-32,-19,490,46.94,-986,-47,-19,-6,504,46.75,,,,,
201,   O0,-515,15,28,57,617,47.91,-529,6,19,48,611,47.75,,,,,
202,   C0,-932,-115,-66,-33,666,56.69,-924,-106,-56,-23,671,56.56,,,,,
203,   O0,-775,39,76,131,747,62.53,-773,28,65,121,730,62.5,,,,,
204,   T0,-704,-70,-31,-14,434,52.22,-700,-64,-24,-8,438,52.09,,,,,
205,   O0,-751,16,34,78,706,57.22,-756,11,29,73,702,57.09,,,,,
206,   G0,-549,-84,-46,-26,546,47.62,-539,-72,-33,-14,561,47.5,,,,,
207,   O0,-886,17,38,78,836,48.97,-889,14,34,75,833,48.88,,,,,
208,   A0,-930,-73,-38,-20,267,49.25,-924,-62,-27,-9,283,49.09,,,,,
209,   O0,-614,21,40,77,609,50.84,-626,12,30,68,600,50.75,,,,,
210,   T0,-633,-54,-25,-11,404,45.94,-630,-48,-18,-5,413,45.81,,,,,
211,   O0,-431,15,30,64,862,50.75,-438,9,23,57,849,50.62,,,,,
212,   C0,-895,-108,-61,-35,557,52.41,-879,-93,-47,-20,575,52.31,,,,,
213,   O0,-972,34,64,115,963,57.69,-977,23,53,104,950,57.62,,,,,
214,   G0,-926,-78,-42,-24,237,45.12,-916,-66,-30,-12,250,45,,,,,
215,   O0,-357,20,39,77,557,46.78,-365,14,33,71,554,46.69,,,,,
216,   T0,-646,-49,-22,-10,534,44.22,-635,-44,-18,-6,540,44.09,,,,,
217,   O0,-599,13,27,57,671,48.78,-612,8,22,51,661,48.66,,,,,
218,   C0,-581,-51,-28,-16,512,37.97,-569,-40,-17,-5,525,37.81,,,,,
219,   O0,-810,12,25,51,720,42.09,-827,7,19,45,719,41.91,,,,,
220,   A0,-645,-99,-59,-33,556,54.41,-626,-85,-45,-20,575,54.28,,,,,
221,   O0,-808,29,56,97,634,55.44,-813,20,47,88,627,55.34,,,,,
222,   T0,-947,-49,-21,-8,467,44.38,-945,-45,-17,-4,467,44.25,,,,,
223,   O0,-637,12,27,59,646,49.16,-640,9,23,55,648,49.06,,,,,
224,   B0,-836,-27,-21,-15,205,10.1,-821,-8,-2,4,226,9.16,,,,,
225,   O0,-908,3,10,16,369,10.05,-917,-5,1,7,360,9.11,,,,,
226,   C0,-583,-53,-26,-13,460,41.09,-577,-46,-19,-7,460,40.91,,,,,
227,   O0,-884,12,26,55,647,44.91,-888,7,20,50,639,44.72,,,,,
228,   A0,-818,-37,-23,-14,653,33.31,-804,-24,-11,-2,665,33.06,,,,,
229,   O0,-605,8,17,31,736,34.28,-610,2,10,24,735,34.06,,,,,
230,   G0,-781,-120,-78,-46,924,52.34,-768,-100,-58,-26,937,52.19,,,,,
231,   O0,-771,38,71,114,574,53.25,-775,27,59,103,560,53.09,,,,,
232,   C0,-639,-59,-28,-13,612,41.97,-629,-51,-20,-5,619,41.84,,,,,
233,   O0,-796,16,32,69,682,47.44,-801,10,26,62,680,47.28,,,,,
234,   T0,-607,-84,-41,-21,396,52.38,-594,-75,-33,-13,407,52.25,,,,,
235,   O0,-952,21,43,90,844,57.03,-968,15,36,83,830,56.91,,,,,
236,   A0,-934,-75,-41,-23,879,48,-914,-63,-28,-11,895,47.88,,,,,
237,   O0,-730,20,39,75,892,49.16,-737,12,30,66,871,49.06,,,,,
238,   G0,-874,-74,-39,-22,606,43.12,-865,-62,-27,-10,626,42.97,,,,,
239,   O0,-761,16,34,70,923,44.69,-774,12,30,66,913,44.53,,,,,
240,   C0,-782,-77,-39,-19,889,45.44,-770,-71,-32,-13,904,45.28,,,,,
241,   O0,-768,18,40,83,919,50.22,-773,16,38,81,914,50.06,,,,,
242,   A0,-944,-50,-28,-15,920,38.59,-930,-41,-18,-7,935,38.41,,,,,
243,   O0,-924,13,26,50,922,39.81,-932,7,19,43,911,39.66,,,,,
244,   T0,-746,-97,-52,-27,786,53.88,-742,-89,-44,-19,797,53.78,,,,,
245,   O0,-715,36,65,115,861,59.19,-732,23,52,103,848,59.03,,,,,
246,   C0,-889,-45,-23,-12,936,36.12,-873,-37,-15,-4,951,35.94,,,,,
247,   O0,-566,9,21,45,602,39.5,-562,6,18,42,595,39.31,,,,,
248,   G0,-589,-98,-60,-35,593,46.81,-577,-83,-45,-20,611,46.66,,,,,
249,   O0,-465,25,50,90,526,47.66,-469,20,45,84,521,47.56,,,,,
250,   A0,-807,-68,-37,-20,803,44.88,-802,-56,-25,-9,815,44.75,,,,,
251,   O0,-883,19,35,68,664,46.09,-892,11,27,60,646,45.97,,,,,
252,   C0,-714,-65,-33,-17,828,41.34,-704,-54,-22,-7,844,41.19,,,,,
253,   O0,-793,17,34,70,622,45.94,-802,10,27,63,612,45.81,,,,,
254,   T0,-918,-96,-53,-30,559,52.03,-900,-84,-41,-18,570,51.91,,,,,
255,   O0,-820,23,48,96,667,56.03,-825,19,44,92,667,55.94,,,,,
256,   G0,-804,-79,-46,-28,497,41.66,-792,-65,-31,-13,508,41.5,,,,,
257,   O0,-816,15,34,68,893,42.62,-814,13,32,66,887,42.5,,,,,
258,   C0,-910,-55,-27,-13,656,38.38,-907,-50,-22,-8,663,38.22,,,,,
259,   O0,-631,8,24,56,697,42.16,-630,10,25,56,699,42,,,,,
260,   B0,-588,-20,-13,-7,401,9.73,-580,-6,-1,5,412,8.89,,,,,
261,   O0,-659,2,8,15,724,10,-667,-4,1,7,718,9.1,,,,,
262,   B0,-809,-25,-19,-13,642,9.78,-797,-8,-3,3,654,8.93,,,,,
263,   O0,-858,1,7,13,747,10.09,-873,-5,1,7,735,9.11,,,,,
264,   A0,-758,-82,-48,-27,596,46.66,-744,-71,-37,-17,606,46.5,,,,,
265,   O0,-594,25,47,82,543,47.78,-597,17,38,73,534,47.66,,,,,
266,   T0,-884,-78,-41,-23,804,46.56,-872,-68,-31,-13,819,46.47,,,,,
267,   O0,-825,26,47,88,728,51.19,-842,17,38,79,711,51.09,,,,,
268,   A0,-695,-25,-15,-7,507,25.23,-683,-15,-6,2,516,24.92,,,,,
269,   O0,-739,5,13,23,519,26.27,-746,0,7,17,507,25.97,,,,,
270,   G0,-802,-79,-46,-27,915,41.22,-784,-67,-33,-15,926,41.06,,,,,
271,   O0,-589,16,35,70,479,42.12,-588,14,33,68,473,41.97,,,,,
272,   A0,-775,-27,-16,-7,669,27.67,-762,-18,-7,1,678,27.38,,,,,
273,   O0,-843,8,17,29,525,29.02,-855,1,9,20,517,28.75,,,,,
274,   T0,-731,-43,-23,-12,644,36.41,-728,-37,-17,-6,646,36.25,,,,,
275,   O0,-604,12,24,46,748,39.53,-611,7,18,41,750,39.34,,,,,
276,   C0,-886,-114,-73,-42,405,48.97,-879,-101,-59,-28,422,48.91,,,,,
277,   O0,-805,38,72,118,651,53.34,-812,31,65,111,643,53.22,,,,,
278,   G0,-891,-67,-40,-25,443,37.22,-884,-53,-25,-10,457,37.03,,,,,
279,   O0,-857,21,36,66,450,38.44,-870,11,27,56,441,38.31,,,,,
280,   C0,-835,-28,-16,-7,847,26.3,-818,-20,-8,0,862,26.03,,,,,
281,   O0,-763,5,14,28,536,29.66,-764,2,11,24,530,29.39,,,,,
282,   A0,-792,-77,-46,-28,526,42.78,-782,-64,-33,-14,539,42.62,,,,,
283,   O0,-576,25,44,76,555,43.72,-585,15,33,66,549,43.56,,,,,
284,   T0,-870,-91,-52,-29,383,48,-864,-80,-41,-18,395,47.84,,,,,
285,   O0,-875,25,50,93,887,52.06,-882,21,46,90,886,51.94,,,,,
286,   G0,-801,-74,-44,-28,855,38.25,-783,-58,-28,-12,868,38.06,,,,,
287,   O0,-875,18,34,65,802,39.31,-877,12,29,60,791,39.12,,,,,
288,   A0,-888,-44,-25,-14,782,33.97,-880,-34,-15,-4,786,33.75,,,,,
289,   O0,-870,11,22,42,765,35.41,-867,6,17,37,764,35.19,,,,,
290,   C0,-873,-92,-53,-28,873,44.69,-865,-84,-45,-20,882,44.53,,,,,
291,   O0,-881,30,57,100,884,49.12,-889,24,51,95,879,48.97,,,,,
292,   G0,-883,-46,-28,-16,815,30.7,-872,-36,-17,-6,828,30.48,,,,,
293,   O0,-881,12,24,44,416,32.03,-888,7,18,38,407,31.81,,,,,
294,   A0,-695,-44,-26,-15,671,31.41,-684,-33,-15,-5,686,31.17,,,,,
295,   O0,-474,11,22,41,671,32.25,-487,5,15,34,664,32.03,,,,,
296,   B0,-432,-26,-19,-13,362,10.05,-406,-6,0,5,383,9.11,,,,,
297,   O0,-746,9,16,22,434,10.04,-759,-4,2,8,425,9.12,,,,,
298,   T0,-812,-96,-56,-31,512,48.44,-799,-88,-48,-23,518,48.31,,,,,
299,   O0,-787,31,60,104,614,52.56,-787,25,53,98,607,52.41,,,,,
300,   C0,-683,-65,-36,-20,437,36.94,-670,-55,-26,-10,449,36.75,,,,,
301,   O0,-656,15,32,65,605,40.53,-657,13,30,62,599,40.34,,,,,
302,   G0,-600,-75,-46,-28,699,36.97,-580,-61,-32,-14,711,36.78,,,,,
303,   O0,-601,22,39,69,506,37.81,-614,15,32,62,495,37.62,,,,,
304,   C0,-606,-29,-15,-6,417,25.91,-602,-22,-9,-1,424,25.61,,,,,
305,   O0,-871,6,15,30,561,29.22,-867,3,12,26,551,28.95,,,,,
306,   A0,-690,-79,-48,-29,563,41.19,-676,-65,-35,-16,574,41.03,,,,,
307,   O0,-864,25,44,75,813,41.94,-873,16,35,66,796,41.78,,,,,
308,   T0,-832,-82,-48,-27,661,43.44,-819,-71,-36,-16,669,43.34,,,,,
309,   O0,-597,31,54,93,854,47.66,-610,20,43,82,861,47.53,,,,,
310,   A0,-854,-30,-20,-12,378,23.16,-850,-17,-7,0,394,22.8,,,,,
311,   O0,-759,9,18,28,664,24.05,-780,1,8,18,654,23.62,,,,,
312,   T0,-759,-22,-14,-7,543,18.41,-754,-12,-5,2,558,17.94,,,,,
313,   O0,-778,3,10,18,796,19.89,-783,-2,5,13,785,19.44,,,,,
314,   C0,-816,-63,-35,-20,546,36.69,-811,-55,-26,-11,552,36.53,,,,,
315,   O0,-778,21,37,68,528,39.72,-785,12,28,59,519,39.56,,,,,
316,   G0,-483,-92,-60,-36,486,40.31,-474,-78,-45,-22,500,40.19,,,,,
317,   O0,-692,28,52,85,527,40.84,-701,22,45,79,519,40.78,,,,,
318,   T0,-595,-40,-20,-8,384,33.72,-594,-36,-16,-5,393,33.25,,,,,
319,   O0,-841,13,26,49,484,36.91,-840,8,21,43,477,36.66,,,,,
320,   C0,-579,-58,-34,-21,714,32.75,-561,-45,-22,-9,735,32.53,,,,,
321,   O0,-358,16,31,57,495,36.16,-365,10,24,50,471,36,,,,,
322,   A0,-692,-79,-49,-30,475,41,-685,-65,-35,-16,504,40.34,,,,,
323,   O0,-487,27,47,77,470,40.66,-475,17,36,67,460,40.53,,,,,
324,   G0,-508,-61,-36,-21,362,33.19,-486,-48,-23,-9,364,32.97,,,,,
325,   O0,-498,20,35,61,466,34.34,-498,11,26,52,457,34.19,,,,,
326,   T0,-631,-65,-37,-21,803,38.16,-619,-57,-28,-12,807,38,,,,,
327,   O0,-614,20,38,70,618,41.69,-623,15,33,65,617,41.53,,,,,
328,   G0,-796,-33,-22,-13,468,22.11,-782,-20,-9,-1,485,21.73,,,,,
329,   O0,-780,6,15,26,517,22.7,-791,1,9,20,515,22.38,,,,,
330,   C0,-739,-79,-46,-26,790,38.44,-724,-71,-39,-18,803,38.31,,,,,
331,   O0,-519,25,48,84,578,42.09,-527,20,43,79,566,42.03,,,,,
332,   B0,-607,-20,-13,-6,459,10.38,-581,-6,-1,5,472,8.97,,,,,
333,   O0,-414,2,9,15,493,10.03,-425,-5,1,6,484,9.06,,,,,
334,   X0,-446,-14,-8,-1,491,9.7,-441,-7,-1,4,493,8.84,,,,,
335,   Z0,0,0,0,0,0,0,0,0,0,0,0,0,,,,,
336,   J0,-440,16,22,29,464,10.01,-460,-4,2,7,432,8.93,,,,,
337,  JB0,-2339,-9,-2,4,403,9.83,-2333,-6,0,5,400,8.94,,,,,
338,  JO0,-1204,14,21,28,1176,11.22,-1213,-4,2,8,1154,9.84,,,,,
339,   B0,-750,-19,-12,-6,733,10.41,-742,-7,-1,4,728,9.2,,,,,
340,   O0,-696,11,17,24,465,10.2,-716,-4,2,8,448,9.14,,,,,
341,   A0,-750,-68,-42,-24,737,37,-736,-59,-32,-15,747,36.75,,,,,
342,   O0,-801,29,47,75,601,37.91,-831,15,33,61,588,37.59,,,,,
343,   T0,-794,-50,-24,-10,464,35.44,-797,-49,-23,-9,472,35.25,,,,,
344,   O0,-419,24,40,70,608,39.28,-429,13,29,58,597,39.12,,,,,
345,   G0,-515,-70,-43,-26,596,33.91,-503,-59,-32,-15,603,33.66,,,,,
346,   O0,-384,25,42,70,678,34.69,-391,15,33,60,665,34.53,,,,,
347,   T0,-658,-22,-12,-4,370,22.66,-656,-18,-8,0,377,22.28,,,,,
348,   O0,-661,9,18,30,639,25.03,-666,2,10,21,629,24.7,,,,,
349,   A0,-518,-54,-36,-24,474,30.48,-503,-37,-19,-8,488,30.22,,,,,
350,   O0,-819,18,30,49,697,31.23,-826,8,19,38,689,30.97,,,,,
351,   G0,-715,-22,-12,-4,650,18.88,-708,-15,-6,1,657,18.38,,,,,
352,   O0,-361,12,20,30,446,19.91,-378,1,8,18,430,19.42,,,,,
353,   T0,-773,-27,-15,-6,728,24.23,-766,-22,-11,-3,731,23.91,,,,,
354,   O0,-740,11,20,33,672,26.14,-748,3,12,24,664,25.81,,,,,
355,   C0,-648,-102,-68,-39,693,41.59,-636,-91,-57,-28,704,41.41,,,,,
356,   O0,-592,41,73,110,508,45.31,-595,31,63,100,500,45.25,,,,,
357,   G0,-757,-56,-36,-24,386,28.28,-738,-39,-20,-8,401,28.05,,,,,
358,   O0,-668,21,34,54,787,29.2,-686,9,21,41,771,28.98,,,,,
359,   A0,-722,-59,-36,-21,649,33.25,-710,-49,-25,-11,659,33.06,,,,,
360,   O0,-792,19,34,58,452,34.09,-802,12,27,51,448,33.91,,,,,
361,   G0,-589,-23,-13,-5,391,19.19,-575,-16,-6,1,399,18.77,,,,,
362,   O0,-674,6,14,25,599,20.64,-679,0,8,18,596,20.25,,,,,
363,   C0,-732,-52,-31,-18,734,29.69,-728,-42,-21,-9,748,29.42,,,,,
364,   O0,-769,18,31,55,750,32.81,-780,10,23,46,744,32.59,,,,,
365,   A0,-773,-30,-19,-10,766,22.2,-767,-21,-10,-2,784,21.81,,,,,
366,   O0,-796,12,21,32,720,23.08,-809,2,10,22,707,22.67,,,,,
367,   T0,-801,-97,-61,-35,716,43.38,-783,-85,-49,-24,720,43.19,,,,,
368,   O0,-722,40,68,107,702,46.88,-725,27,55,94,680,46.72,,,,,
369,   C0,-768,-41,-24,-13,765,26.62,-763,-31,-15,-5,777,26.34,,,,,
370,   O0,-525,10,21,39,775,28.61,-533,5,16,34,771,28.34,,,,,
371,   A0,-666,-35,-21,-11,484,25.98,-658,-27,-13,-3,498,25.67,,,,,
372,   O0,-758,10,20,35,777,26.75,-769,4,14,28,763,26.41,,,,,
373,   B0,-771,-28,-21,-15,605,10.05,-753,-7,-2,4,627,9.18,,,,,
374,   O0,-796,4,11,17,452,10.19,-804,-6,0,6,440,9.13,,,,,
375,   T0,-781,-32,-20,-11,500,25.17,-777,-24,-12,-3,519,24.86,,,,,
376,   O0,-611,16,25,39,704,27.09,-623,4,13,26,687,26.83,,,,,
377,   C0,-768,-36,-25,-16,415,21.97,-745,-22,-11,-3,431,21.58,,,,,
378,   O0,-643,15,24,36,526,23.72,-660,4,12,24,512,23.34,,,,,
379,   T0,-743,-17,-9,-3,723,14.65,-734,-10,-4,3,726,14.1,,,,,
380,   O0,-487,-5,3,12,426,16.34,-484,-4,3,9,417,15.02,,,,,
381,   G0,-512,-99,-69,-42,371,38.91,-501,-84,-54,-27,375,38.62,,,,,
382,   O0,-560,38,65,94,652,38.69,-573,27,53,83,640,38.53,,,,,
383,   A0,-755,-47,-28,-16,327,29.61,-732,-35,-17,-5,347,29.34,,,,,
384,   O0,-378,13,25,45,478,30.62,-389,7,18,38,464,30.39,,,,,
385,   C0,-689,-59,-34,-19,273,31.91,-678,-50,-25,-11,279,31.69,,,,,
386,   O0,-663,17,33,62,449,35.34,-663,13,29,58,446,35.12,,,,,
387,   G0,-766,-34,-20,-11,773,23.28,-761,-27,-13,-4,774,22.95,,,,,
388,   O0,-747,17,27,42,367,24.81,-758,6,16,31,354,24.52,,,,,
389,   C0,-649,-18,-10,-2,511,17.2,-647,-12,-4,3,515,16.72,,,,,
390,   O0,-573,2,9,19,622,19.14,-583,-2,5,14,593,18.64,,,,,
391,   A0,-754,-43,-28,-18,482,25.62,-734,-29,-15,-5,496,25.33,,,,,
392,   O0,-563,22,33,49,711,26.75,-580,6,16,32,687,26.42,,,,,
393,   G0,-669,-22,-13,-5,561,18.17,-662,-15,-6,1,570,17.67,,,,,
394,   O0,-647,8,16,26,683,19.22,-658,0,8,17,660,18.8,,,,,
395,   T0,-729,-97,-63,-36,653,42.5,-705,-87,-53,-26,661,42.38,,,,,
396,   O0,-677,35,64,101,690,45.62,-679,29,58,95,684,45.53,,,,,
397,   A0,-718,-36,-22,-12,608,25.47,-704,-25,-11,-2,627,25.17,,,,,
398,   O0,-683,9,19,33,729,26.23,-697,3,12,26,723,25.95,,,,,
399,   C0,-745,-65,-39,-23,401,32.03,-740,-54,-28,-12,406,31.81,,,,,
400,   O0,-756,22,39,68,666,34.66,-771,14,31,59,660,34.47,,,,,
401,   G0,-707,-61,-38,-22,528,30.52,-695,-51,-27,-12,537,30.3,,,,,
402,   O0,-508,20,36,60,563,31.27,-515,13,28,53,552,31,,,,,
403,   T0,-613,-50,-29,-16,404,30.97,-612,-43,-21,-9,414,30.64,,,,,
404,   O0,-594,16,31,55,437,33.75,-601,11,25,49,434,33.47,,,,,
405,   G0,-591,-29,-20,-11,545,18.52,-578,-18,-9,-1,544,18,,,,,
406,   O0,-362,6,14,24,559,18.84,-371,1,8,17,548,18.31,,,,,
407,   C0,-615,-56,-36,-23,722,28.42,-599,-43,-22,-10,744,28.17,,,,,
408,   O0,-722,23,37,60,480,31.17,-742,11,25,48,475,30.95,,,,,
409,   B0,-742,-24,-18,-12,281,9.84,-723,-7,-1,5,304,8.85,,,,,
410,   O0,-649,7,13,20,406,9.95,-661,-4,2,7,391,9.02,,,,,
411,   B0,-697,-24,-18,-12,310,9.73,-678,-8,-3,3,324,8.8,,,,,
412,   O0,-687,0,6,12,616,9.88,-694,-5,0,6,609,8.89,,,,,
413,   A0,-611,-69,-44,-25,583,33.97,-597,-60,-35,-17,588,33.78,,,,,
414,   O0,-633,25,44,69,589,34.12,-643,16,35,60,573,33.94,,,,,
415,   T0,-577,-46,-25,-13,611,30.11,-569,-40,-19,-7,620,29.86,,,,,
416,   O0,-734,20,34,58,496,33.44,-733,11,24,48,484,33.16,,,,,
417,   G0,-530,-60,-38,-24,489,28.42,-519,-47,-26,-12,501,28.17,,,,,
418,   O0,-480,19,34,56,412,29.16,-486,12,26,48,403,28.89,,,,,
419,   A0,-566,-38,-24,-15,435,23.7,-553,-26,-12,-3,449,23.36,,,,,
420,   O0,-408,9,19,33,526,24.55,-419,4,13,27,522,24.23,,,,,
421,   T0,-627,-33,-19,-10,349,24.31,-625,-27,-14,-4,356,24.03,,,,,
422,   O0,-402,13,23,39,522,26.56,-417,6,16,31,512,26.31,,,,,
423,   C0,-732,-87,-58,-36,259,34.94,-709,-73,-44,-22,281,34.75,,,,,
424,   O0,-580,26,50,81,577,37.34,-574,22,46,77,567,37.06,,,,,
425,   T0,-355,-28,-16,-8,535,21.83,-341,-20,-9,-1,535,21.33,,,,,
426,   O0,-530,11,20,33,414,23.91,-531,3,12,24,413,23.5,,,,,
427,   C0,-729,-21,-13,-6,612,17.17,-715,-10,-3,3,625,15.99,,,,,
428,   O0,-676,3,11,19,640,16.58,-677,-2,4,11,606,15.77,,,,,
429,   A0,-644,-45,-29,-17,334,25.95,-624,-35,-18,-7,345,25.53,,,,,
430,   O0,-602,14,26,43,616,26.05,-609,7,18,34,611,25.69,,,,,
431,   G0,-622,-76,-51,-32,599,31.2,-599,-61,-36,-17,611,30.98,,,,,
432,   O0,-412,26,46,71,464,31.73,-420,18,37,63,453,31.53,,,,,
433,   T0,-635,-37,-19,-8,464,26.69,-624,-34,-17,-6,466,26.45,,,,,
434,   O0,-324,14,27,46,377,29.34,-328,9,21,40,377,29.12,,,,,
435,   C0,-691,-62,-39,-23,699,29.52,-676,-53,-29,-14,713,29.31,,,,,
436,   O0,-717,20,37,63,461,32,-714,15,31,57,462,31.81,,,,,
437,   A0,-409,-62,-41,-27,395,28.78,-390,-46,-26,-12,410,28.53,,,,,
438,   O0,-588,17,31,51,522,29.14,-585,11,25,46,519,28.8,,,,,
439,   G0,-674,-40,-23,-11,368,24.75,-666,-36,-19,-7,370,24.41,,,,,
440,   O0,-652,19,32,51,458,26.09,-671,10,22,41,444,25.8,,,,,
441,   C0,-355,-39,-24,-13,441,23.77,-352,-32,-17,-6,446,23.41,,,,,
442,   O0,-558,17,28,46,552,26.34,-569,8,20,38,547,26.08,,,,,
443,   A0,-435,-36,-23,-14,647,21.38,-421,-25,-13,-4,659,20.97,,,,,
444,   O0,-703,11,21,34,336,22.03,-714,5,14,27,334,21.66,,,,,
445,   B0,-658,-20,-14,-8,624,9.7,-639,-6,-1,5,640,8.83,,,,,
446,   O0,-486,3,10,16,523,9.89,-485,-5,1,7,515,8.98,,,,,
447,   G0,-476,-29,-18,-10,372,18.33,-468,-20,-10,-2,379,17.89,,,,,
448,   O0,-437,6,15,26,697,19.16,-447,1,9,20,687,18.55,,,,,
449,   C0,-639,-28,-18,-9,343,18.56,-631,-19,-9,-1,348,17.91,,,,,
450,   O0,-637,8,16,27,516,20,-646,1,9,20,503,19.61,,,,,
451,   T0,-583,-87,-57,-33,550,37.16,-565,-78,-48,-24,568,36.97,,,,,
452,   O0,-471,34,60,93,602,40.06,-485,26,52,85,586,39.94,,,,,
453,   A0,-542,-40,-26,-16,366,23.69,-522,-28,-14,-4,379,23.38,,,,,
454,   O0,-691,13,23,38,615,24.38,-699,5,15,30,610,24.06,,,,,
455,   T0,-387,-18,-9,-1,353,17.62,-385,-15,-6,1,354,17.17,,,,,
456,   O0,-506,6,14,23,362,19.41,-504,1,8,17,359,18.92,,,,,
457,   G0,-691,-57,-38,-24,281,27.14,-671,-43,-24,-11,293,26.47,,,,,
458,   O0,-540,15,28,48,561,26.7,-565,10,22,42,550,26.28,,,,,
459,   T0,-673,-18,-9,-2,557,17.62,-666,-15,-6,1,570,17.11,,,,,
460,   O0,-689,-23,-13,-2,443,21.09,-670,-2,6,15,460,18.95,,,,,
461,   C0,-522,-77,-52,-33,536,30.8,-498,-62,-37,-18,546,30.53,,,,,
462,   O0,-494,45,67,93,374,33.78,-517,20,41,68,345,32.88,,,,,
463,   A0,-683,-45,-28,-15,565,26,-665,-38,-21,-9,575,25.69,,,,,
464,   O0,-552,21,34,52,595,26.81,-560,10,23,41,572,26.45,,,,,
465,   G0,-619,-45,-28,-16,396,23.83,-609,-36,-19,-8,407,23.38,,,,,
466,   O0,-465,15,27,45,358,24.8,-477,9,21,39,343,24.47,,,,,
467,   T0,-387,-54,-33,-19,304,28.19,-379,-46,-25,-11,303,27.94,,,,,
468,   O0,-422,16,31,54,500,30.78,-422,14,29,52,502,30.48,,,,,
469,   G0,-591,-33,-23,-15,331,17.14,-576,-18,-9,-1,346,16.45,,,,,
470,   O0,-498,11,20,30,420,17.78,-513,1,9,18,414,16.91,,,,,
471,   C0,-673,-58,-36,-20,412,28.44,-657,-51,-29,-14,415,28.02,,,,,
472,   O0,-614,19,36,61,598,30.89,-616,16,33,57,583,30.52,,,,,
473,   A0,-554,-57,-38,-24,322,27.17,-545,-45,-26,-12,322,26.86,,,,,
474,   O0,-475,23,38,57,374,27.7,-491,12,27,46,370,27.42,,,,,
475,   T0,-528,-41,-24,-12,416,25.56,-530,-36,-19,-8,419,25.3,,,,,
476,   O0,-401,19,32,52,573,28.45,-405,11,24,44,566,28.19,,,,,
477,   G0,-662,-53,-35,-22,619,24.31,-649,-42,-25,-12,621,23.98,,,,,
478,   O0,-610,18,32,51,521,25.02,-613,12,26,45,518,24.72,,,,,
479,   C0,-662,-56,-36,-22,357,25.8,-641,-46,-26,-12,367,25.53,,,,,
480,   O0,-636,17,32,54,516,28.03,-648,14,28,50,512,27.81,,,,,
481,   B0,-503,-19,-12,-6,335,9.59,-489,-6,-1,5,345,8.71,,,,,
482,   O0,-416,4,11,17,655,9.91,-426,-5,1,7,648,8.93,,,,,
483,   X0,-587,-11,-5,2,716,9.69,-582,-7,-1,4,731,8.77,,,,,
484,   Z0,0,0,0,0,0,0,0,0,0,0,0,0,,,,,
485,   J0,-2186,18,24,31,1564,10.48,-2217,-4,2,8,1536,9.38,,,,,
486,  JB0,-721,-8,-2,4,975,9.88,-716,-6,0,5,972,8.86,,,,,
487,  JO0,-501,12,19,25,806,10.13,-523,-4,2,8,784,9.09,,,,,
488,   B0,-390,-16,-10,-3,513,9.61,-379,-7,-1,4,523,8.71,,,,,
489,   O0,-550,7,13,19,454,10.05,-563,-5,1,7,436,8.95,,,,,
490,   A0,-571,-41,-24,-12,654,23.8,-565,-36,-20,-9,663,23.41,,,,,
491,   O0,-298,18,31,47,443,24.36,-307,10,21,38,431,24.03,,,,,
492,   T0,-333,-46,-28,-15,291,25.59,-322,-42,-23,-10,301,25.27,,,,,
493,   O0,-572,25,40,61,360,28.36,-587,13,28,49,347,28.06,,,,,
494,   A0,-648,-22,-14,-7,485,14.95,-633,-13,-6,1,495,14.29,,,,,
495,   O0,-511,1,10,19,510,16.08,-505,-1,6,14,510,14.7,,,,,
496,   G0,-635,-63,-45,-31,342,23.89,-610,-43,-26,-12,365,23.52,,,,,
497,   O0,-646,17,30,48,356,24.11,-640,12,25,42,350,23.73,,,,,
498,   A0,-608,-28,-18,-11,491,16.02,-595,-16,-8,0,502,15.48,,,,,
499,   O0,-645,22,32,43,599,18.48,-663,2,10,19,563,16.73,,,,,
500,   T0,-644,-38,-25,-14,466,21.8,-614,-28,-15,-6,474,20.7,,,,,
501,   O0,-647,2,12,26,550,23.06,-660,5,15,28,547,22.38,,,,,
502,   C0,-644,-66,-43,-24,643,29.64,-631,-61,-38,-19,646,29.09,,,,,
503,   O0,-642,30,51,77,580,31.94,-652,21,41,67,565,31.34,,,,,
504,   G0,-583,-45,-30,-19,609,21.52,-558,-32,-18,-7,622,20.77,,,,,
505,   O0,-565,-11,1,17,390,23.17,-548,6,17,32,421,21.17,,,,,
506,   C0,-568,-7,4,14,562,18.23,-594,-15,-6,1,561,15.62,,,,,
507,   O0,-634,18,26,36,469,17.86,-647,3,11,21,458,17.23,,,,,
508,   A0,-350,-50,-33,-20,336,24.14,-343,-41,-24,-11,352,23.8,,,,,
509,   O0,-507,21,34,52,551,24.53,-519,11,24,42,534,24.19,,,,,
510,   T0,-563,-49,-30,-16,609,26.36,-553,-45,-25,-12,606,26.08,,,,,
511,   O0,-603,23,39,61,633,29.28,-606,15,30,52,622,29,,,,,
512,   G0,-541,-40,-26,-14,518,20.83,-535,-33,-19,-8,523,20.42,,,,,
513,   O0,-620,15,27,42,624,21.66,-624,9,20,36,628,21.23,,,,,
514,   A0,-621,-38,-26,-17,540,19.2,-606,-24,-13,-4,532,18.67,,,,,
515,   O0,-583,12,22,34,511,19.62,-589,4,13,25,516,19.19,,,,,
516,   C0,-553,-66,-46,-30,433,26.14,-530,-51,-31,-15,445,25.84,,,,,
517,   O0,-491,31,49,72,521,28.61,-506,17,34,57,488,28.27,,,,,
518,   G0,-620,-32,-21,-12,332,17.41,-614,-23,-12,-4,343,16.73,,,,,
519,   O0,-513,14,23,35,499,18.06,-529,5,13,24,492,17.53,,,,,
520,   A0,-619,-34,-23,-14,482,17.55,-614,-23,-12,-4,495,17.05,,,,,
521,   O0,-478,12,22,33,557,18.19,-484,4,13,24,548,17.7,,,,,
522,   B0,-545,-20,-14,-7,474,9.64,-535,-6,-1,5,479,8.74,,,,,
523,   O0,-614,2,8,14,551,10.09,-620,-5,1,6,544,9,,,,,
524,   T0,-612,-64,-43,-27,356,27.56,-589,-53,-32,-16,367,27.36,,,,,
525,   O0,-559,32,50,73,411,30.02,-568,18,36,59,403,29.72,,,,,
526,   C0,-508,-48,-31,-18,414,22.08,-502,-39,-22,-10,420,21.56,,,,,
527,   O0,-456,20,34,52,614,24.06,-464,12,25,44,608,23.64,,,,,
528,   G0,-504,-47,-32,-21,446,20.84,-499,-35,-21,-9,456,20.44,,,,,
529,   O0,-515,18,30,46,377,21.38,-525,10,21,37,376,20.98,,,,,
530,   C0,-517,-22,-14,-6,590,14.9,-508,-15,-7,0,599,14.33,,,,,
531,   O0,-548,10,18,27,594,16.77,-557,2,9,18,603,16.2,,,,,
532,   A0,-589,-51,-35,-22,443,23.58,-575,-41,-24,-12,484,23.11,,,,,
533,   O0,-435,16,29,45,441,23.39,-442,11,24,40,429,22.95,,,,,
534,   T0,-427,-52,-34,-21,480,23.98,-412,-42,-25,-12,500,23.69,,,,,
535,   O0,-592,24,39,59,375,26.52,-606,15,29,49,363,26.22,,,,,
536,   A0,-505,-20,-12,-5,544,13.76,-497,-12,-5,1,551,13.14,,,,,
537,   O0,-558,4,11,19,505,14.09,-569,-1,5,13,492,13.43,,,,,
538,   T0,-599,-18,-11,-4,511,12.8,-591,-11,-4,2,511,11.98,,,,,
539,   O0,-502,6,13,20,506,13.17,-516,-2,5,12,500,12.43,,,,,
540,   C0,-540,-48,-33,-21,540,21.06,-528,-36,-21,-10,549,20.72,,,,,
541,   O0,-542,19,31,48,541,22.44,-553,10,22,39,537,22.09,,,,,
542,   G0,-480,-57,-39,-25,320,23.11,-465,-44,-27,-13,340,22.72,,,,,
543,   O0,-487,18,32,50,332,23.38,-495,13,27,45,330,22.94,,,,,
544,   T0,-580,-36,-24,-14,386,18.5,-571,-26,-14,-5,401,18.08,,,,,
545,   O0,-532,20,30,44,476,20.41,-552,7,17,30,459,19.91,,,,,
546,   C0,-470,-38,-26,-17,370,18.27,-452,-27,-15,-6,373,17.81,,,,,
547,   O0,-310,16,27,40,473,19.92,-314,7,17,30,472,19.5,,,,,
548,   A0,-577,-53,-37,-24,284,22.62,-562,-40,-24,-12,303,22.2,,,,,
549,   O0,-481,8,21,37,396,22.84,-480,11,23,39,401,22.05,,,,,
550,   G0,-539,-28,-15,-5,450,18.48,-552,-27,-15,-6,437,17.45,,,,,
551,   O0,-330,4,14,27,425,19.31,-332,7,17,30,426,18.3,,,,,
552,   T0,-506,-38,-23,-12,427,20.92,-502,-34,-19,-9,427,20.56,,,,,
553,   O0,-580,22,34,50,516,23.22,-598,11,23,39,496,22.78,,,,,
554,   G0,-370,-25,-17,-10,476,13.37,-356,-14,-7,0,486,12.65,,,,,
555,   O0,-504,7,15,23,352,13.5,-517,0,7,14,341,12.79,,,,,
556,   C0,-504,-56,-39,-25,281,22.28,-485,-44,-27,-13,303,21.91,,,,,
557,   O0,-505,16,31,49,490,24.22,-496,14,29,47,494,23.7,,,,,
558,   B0,-573,-26,-20,-13,410,10.18,-555,-7,-2,4,423,9.02,,,,,
559,   O0,-570,0,6,12,386,10.25,-579,-5,1,6,380,9.17,,,,,
560,   B0,-574,-21,-15,-9,430,9.95,-559,-8,-2,4,445,9.06,,,,,
561,   O0,-575,14,21,29,481,12.59,-605,-4,2,8,462,10.34,,,,,
562,   A0,-572,-49,-33,-20,528,23.56,-562,-38,-23,-11,529,22.89,,,,,
563,   O0,-572,20,33,49,523,23.69,-584,11,23,39,503,23.02,,,,,
564,   G0,-570,-32,-21,-11,499,17.56,-568,-23,-13,-4,510,16.94,,,,,
565,   O0,-570,7,17,29,554,19.45,-583,5,14,25,552,18.19,,,,,
566,   T0,-567,-45,-29,-15,534,23.69,-579,-39,-23,-11,532,22.5,,,,,
567,   O0,-567,24,39,57,525,25.02,-593,14,28,46,503,24.61,,,,,
568,   G0,-561,-23,-15,-8,509,14.02,-561,-15,-7,0,528,13.31,,,,,
569,   O0,-562,6,14,22,469,14.01,-570,0,7,15,462,13.27,,,,,
570,   A0,-558,-36,-25,-16,553,17.59,-554,-24,-13,-5,569,17.02,,,,,
571,   O0,-362,10,19,30,485,17.58,-371,4,12,23,476,17.06,,,,,
572,   C0,-525,-59,-40,-24,505,23.78,-496,-50,-31,-15,515,23.48,,,,,
573,   O0,-551,19,37,58,523,26.25,-547,17,34,55,524,25.62,,,,,
574,   T0,-366,1,16,32,503,25.94,-392,-28,-14,-4,448,18.91,,,,,
575,   O0,-441,22,33,49,534,21.5,-455,10,21,36,524,21,,,,,
576,   G0,-532,-43,-30,-19,377,18.53,-519,-31,-18,-8,388,18.03,,,,,
577,   O0,-554,17,28,41,468,19.06,-558,9,19,32,466,18.56,,,,,
578,   A0,-521,-44,-30,-20,459,19.33,-509,-31,-18,-8,472,18.72,,,,,
579,   O0,-545,16,27,41,333,19.69,-547,8,19,32,330,19.19,,,,,
580,   T0,-476,-26,-15,-6,523,16.66,-466,-22,-12,-3,522,16.2,,,,,
581,   O0,-422,13,22,34,433,18.3,-427,6,15,26,426,17.81,,,,,
582,   C0,-539,-53,-36,-22,431,21.89,-533,-44,-27,-13,439,21.52,,,,,
583,   O0,-416,23,38,56,422,23.55,-428,15,29,48,418,23.19,,,,,
584,   G0,-464,-42,-29,-18,396,18.06,-444,-31,-18,-8,408,17.55,,,,,
585,   O0,-369,12,23,36,474,18.44,-365,8,19,31,450,17.91,,,,,
586,   T0,-512,-30,-19,-10,358,16.33,-493,-23,-13,-4,363,15.81,,,,,
587,   O0,-420,10,20,31,533,17.7,-419,6,15,26,524,17.16,,,,,
588,   C0,-538,-34,-24,-15,300,15.8,-538,-22,-13,-4,307,15.14,,,,,
589,   O0,-507,13,22,33,502,16.69,-515,5,13,24,491,16.05,,,,,
590,   A0,-535,-54,-39,-25,367,22.08,-511,-41,-25,-12,375,21.59,,,,,
591,   O0,-481,18,32,47,508,21.52,-484,12,25,40,507,21.16,,,,,
592,   T0,-501,-28,-17,-8,416,16.52,-492,-23,-12,-4,424,16.06,,,,,
593,   O0,-493,9,19,31,344,18.38,-502,6,15,26,336,17.69,,,,,
594,   B0,-523,-24,-18,-11,415,10.77,-484,-7,-2,4,445,9.27,,,,,
595,   O0,-484,6,12,19,389,10.48,-500,-5,1,7,382,9.22,,,,,
596,   C0,-446,-34,-24,-15,460,16.38,-440,-23,-13,-5,467,15.77,,,,,
597,   O0,-455,14,23,34,432,16.98,-468,5,13,24,430,16.44,,,,,
598,   A0,-517,-28,-19,-12,372,13.6,-503,-15,-7,-1,378,12.91,,,,,
599,   O0,-351,8,16,24,499,13.71,-358,0,7,15,469,12.95,,,,,
600,   G0,-502,-55,-39,-24,289,21.34,-475,-43,-28,-14,300,20.84,,,,,
601,   O0,-515,21,36,52,360,21.48,-519,14,29,44,363,21.05,,,,,
602,   C0,-465,-42,-30,-21,432,17.22,-458,-25,-14,-5,447,16.58,,,,,
603,   O0,-362,14,24,37,442,18.44,-371,6,16,28,434,17.97,,,,,
604,   T0,-449,-48,-34,-22,358,19.98,-437,-34,-20,-9,379,19.55,,,,,
605,   O0,-396,12,24,38,477,20.83,-408,9,20,34,446,20.41,,,,,
606,   A0,-455,-44,-31,-20,417,18.84,-437,-31,-18,-8,425,18.33,,,,,
607,   O0,-429,12,23,36,345,18.7,-434,7,17,30,343,18.25,,,,,
608,   G0,-474,-37,-26,-16,358,16.45,-428,-26,-15,-6,372,15.89,,,,,
609,   O0,-481,11,21,33,475,16.92,-492,6,15,27,466,16.38,,,,,
610,   C0,-511,-42,-28,-17,377,18.86,-506,-33,-20,-9,372,18.23,,,,,
611,   O0,-487,22,34,50,507,20.59,-488,11,23,38,490,20.14,,,,,
612,   A0,-501,-29,-19,-11,455,15.04,-496,-21,-12,-4,462,14.32,,,,,
613,   O0,-359,17,26,36,333,15.79,-374,5,14,24,299,15.16,,,,,
614,   T0,-431,-41,-26,-14,340,20.41,-426,-37,-22,-10,348,19.97,,,,,
615,   O0,-443,23,37,54,386,22.7,-459,13,27,43,367,22.33,,,,,
616,   C0,-485,-43,-30,-20,385,17.62,-447,-29,-17,-7,394,16.98,,,,,
617,   O0,-383,7,17,30,396,17.95,-399,6,16,28,394,17.36,,,,,
618,   G0,-491,-49,-34,-22,299,19.7,-483,-36,-22,-10,306,19.2,,,,,
619,   O0,-267,24,37,51,433,20.2,-284,11,23,37,393,19.62,,,,,
620,   A0,-455,-31,-20,-10,494,17.14,-458,-26,-14,-5,499,16.53,,,,,
621,   O0,-333,25,36,49,400,18.7,-346,9,20,32,382,18.17,,,,,
622,   C0,-472,-26,-16,-7,363,15.91,-466,-21,-11,-3,367,15.34,,,,,
623,   O0,-450,8,17,29,466,17.59,-459,5,14,25,460,16.95,,,,,
624,   T0,-405,-48,-34,-21,345,20.27,-396,-38,-23,-11,354,19.86,,,,,
625,   O0,-328,23,36,52,376,21.78,-334,12,25,41,360,21.38,,,,,
626,   G0,-383,-34,-23,-13,364,16.34,-378,-26,-15,-6,377,15.75,,,,,
627,   O0,-419,18,29,41,413,17.14,-428,8,17,29,395,16.58,,,,,
628,   C0,-443,-31,-20,-11,419,15.52,-437,-24,-14,-5,426,14.91,,,,,
629,   O0,-437,15,25,37,333,17,-451,7,16,28,323,16.25,,,,,
630,   B0,-451,-21,-15,-9,374,10.02,-431,-7,-1,5,376,8.95,,,,,
631,   O0,-339,2,8,15,442,10.01,-350,-5,0,6,433,8.96,,,,,
632,   X0,-1055,-12,-5,1,474,9.59,-1049,-7,-1,4,476,8.71,,,,,
633,   Z0,0,0,0,0,0,0,0,0,0,0,0,0,,,,,
634,   J0,-2297,15,21,28,478,10.62,-2321,-4,2,7,452,9.23,,,,,
635,  JB0,-1724,-8,-2,4,1454,10.12,-1733,-6,0,5,1453,9.08,,,,,
636,  JO0,-781,12,18,25,1324,10.38,-799,-4,2,8,1308,9.17,,,,,
637,   B0,-440,-16,-10,-4,416,10,-438,-7,-1,4,417,8.78,,,,,
638,   O0,-444,10,16,23,430,10.09,-460,-4,1,7,420,9.02,,,,,
639,   A0,-473,-40,-27,-16,473,18.56,-467,-31,-19,-8,473,18,,,,,
640,   O0,-443,17,27,40,413,18.42,-449,8,18,31,396,17.89,,,,,
641,   T0,-482,-38,-25,-14,346,18.41,-475,-32,-19,-9,355,17.83,,,,,
642,   O0,-478,23,35,50,478,20.19,-493,11,22,37,463,19.64,,,,,
643,   G0,-479,-37,-26,-17,472,16.27,-464,-26,-16,-6,483,15.45,,,,,
644,   O0,-348,17,27,38,424,16.52,-370,7,17,28,408,15.91,,,,,
645,   T0,-474,-20,-13,-6,448,12.01,-464,-12,-6,1,459,11.24,,,,,
646,   O0,-462,9,16,24,407,12.58,-501,0,7,14,386,11.77,,,,,
647,   A0,-474,-29,-19,-10,359,15.85,-469,-21,-12,-4,365,15.23,,,,,
648,   O0,-457,12,21,30,441,15.73,-466,4,12,21,426,15.03,,,,,
649,   G0,-468,-17,-10,-3,348,11.31,-459,-10,-3,3,360,10.37,,,,,
650,   O0,-468,9,16,23,415,11.78,-478,-1,5,12,405,10.86,,,,,
651,   T0,-407,-19,-11,-4,463,12.8,-403,-14,-7,0,467,12.11,,,,,
652,   O0,-465,6,13,21,376,13.37,-476,1,8,15,374,12.65,,,,,
653,   C0,-460,-63,-46,-30,370,22.38,-445,-50,-33,-17,389,21.98,,,,,
654,   O0,-433,28,45,64,461,23.94,-440,18,35,54,439,23.59,,,,,
655,   G0,-462,-28,-18,-10,445,14.34,-450,-20,-11,-4,450,13.73,,,,,
656,   O0,-459,10,18,28,427,15.01,-474,4,12,21,409,14.37,,,,,
657,   A0,-458,-38,-26,-16,402,17.17,-448,-28,-16,-7,415,16.61,,,,,
658,   O0,-399,19,29,41,435,17.95,-413,7,17,29,413,17.31,,,,,
659,   G0,-451,-19,-11,-4,420,12.38,-435,-11,-4,2,446,11.44,,,,,
660,   O0,-452,5,13,20,458,13.04,-467,-1,6,13,454,12.06,,,,,
661,   C0,-454,-31,-21,-12,454,15.73,-441,-23,-13,-5,462,15.09,,,,,
662,   O0,-414,12,22,33,455,16.56,-429,6,15,25,440,15.99,,,,,
663,   A0,-447,-25,-17,-9,419,12.88,-430,-15,-8,-1,440,12.08,,,,,
664,   O0,-443,10,18,26,408,13.12,-469,1,8,16,382,12.28,,,,,
665,   T0,-420,-54,-38,-23,447,21.69,-415,-44,-28,-14,454,21.16,,,,,
666,   O0,-379,27,42,60,413,23.23,-388,16,31,48,389,22.78,,,,,
667,   C0,-447,-36,-25,-16,381,16.2,-437,-23,-13,-4,413,15.26,,,,,
668,   O0,-401,17,27,39,441,16.98,-410,6,15,26,425,16.28,,,,,
669,   A0,-438,-29,-20,-12,398,13.9,-430,-17,-9,-2,419,13.08,,,,,
670,   O0,-444,9,17,25,428,13.95,-454,1,9,17,408,12.98,,,,,
671,   B0,-416,-17,-11,-5,444,9.73,-410,-6,-1,5,460,8.77,,,,,
672,   O0,-399,3,9,16,365,9.89,-411,-5,1,7,364,8.97,,,,,
673,   T0,-436,-26,-17,-9,434,14.09,-433,-18,-9,-2,451,13.38,,,,,
674,   O0,-434,11,19,29,386,14.95,-441,2,9,18,373,14.13,,,,,
675,   C0,-418,-24,-16,-9,378,12.6,-397,-14,-7,0,391,11.72,,,,,
676,   O0,-438,10,17,25,427,12.81,-448,0,7,14,409,11.91,,,,,
677,   T0,-437,-17,-10,-3,388,10.8,-429,-8,-2,3,394,9.84,,,,,
678,   O0,-397,0,6,13,434,11.13,-410,-4,2,8,419,10.02,,,,,
679,   G0,-426,-56,-41,-26,419,20.73,-416,-43,-28,-14,425,20.17,,,,,
680,   O0,-428,24,38,53,429,20.52,-459,14,28,43,417,19.97,,,,,
681,   A0,-408,-27,-18,-9,407,15.72,-403,-20,-10,-3,414,14.98,,,,,
682,   O0,-431,13,21,32,426,16.91,-435,4,12,22,412,15.93,,,,,
683,   C0,-424,-39,-27,-18,418,17.06,-410,-27,-16,-7,428,16.53,,,,,
684,   O0,-425,13,23,36,427,18.31,-437,7,17,29,384,17.53,,,,,
685,   G0,-420,-27,-19,-12,425,13.13,-408,-16,-9,-2,424,12.37,,,,,
686,   O0,-420,10,18,26,423,13.73,-418,2,9,17,404,12.73,,,,,
687,   C0,-415,-17,-10,-3,417,11.76,-426,-9,-3,3,395,10.6,,,,,
688,   O0,-392,7,14,21,408,11.82,-402,-2,4,11,377,10.81,,,,,
689,   A0,-415,-29,-21,-13,380,13.75,-432,-18,-9,-2,397,12.95,,,,,
690,   O0,-419,13,21,29,412,13.75,-435,2,9,17,382,13,,,,,
691,   G0,-403,-14,-8,-1,370,11.11,-424,-10,-4,2,369,10.27,,,,,
692,   O0,-364,6,13,20,412,11.66,-373,-2,5,11,396,10.72,,,,,
693,   T0,-415,-56,-40,-25,406,22,-405,-45,-29,-15,420,21.56,,,,,
694,   O0,-410,24,40,58,400,23.28,-426,16,32,49,373,22.91,,,,,
695,   A0,-375,-23,-15,-7,389,13.02,-379,-14,-7,0,402,12.27,,,,,
696,   O0,-374,7,15,23,411,13.27,-382,1,7,15,401,12.48,,,,,
697,   C0,-406,-47,-33,-21,364,18.27,-398,-35,-21,-10,394,17.7,,,,,
698,   O0,-407,22,34,48,403,19.03,-441,11,22,37,375,18.55,,,,,
699,   G0,-398,-33,-23,-14,397,15.7,-383,-23,-13,-5,402,15.11,,,,,
700,   O0,-370,10,19,30,380,15.8,-380,5,13,23,366,15.17,,,,,
701,   T0,-396,-32,-21,-11,387,16.28,-390,-26,-15,-6,415,15.62,,,,,
702,   O0,-373,16,26,39,405,17.91,-400,8,18,30,380,17.23,,,,,
703,   G0,-399,-24,-16,-9,386,12.4,-382,-13,-6,0,407,11.18,,,,,
704,   O0,-402,5,12,20,402,12.7,-414,-1,6,13,391,11.55,,,,,
705,   C0,-396,-32,-22,-13,383,15.62,-386,-23,-14,-5,408,14.93,,,,,
706,   O0,-394,12,21,31,400,15.94,-402,5,14,24,381,15.17,,,,,
707,   B0,-379,-18,-12,-5,387,10.49,-413,-7,-1,4,376,9.05,,,,,
708,   O0,-396,3,9,16,399,11.73,-397,-5,1,6,402,10.45,,,,,
